{
    "Arizona Diamondbacks": [
        6.333333333333333,
        3.888888888888889
    ],
    "Atlanta Braves": [
        4.8,
        7.3
    ],
    "Baltimore Orioles": [
        5.0,
        5.0
    ],
    "Boston Red Sox": [
        5.666666666666667,
        6.222222222222222
    ],
    "Chicago Cubs": [
        5.9,
        3.3
    ],
    "Chicago White Sox": [
        3.2,
        6.2
    ],
    "Cincinnati Reds": [
        4.7,
        4.2
    ],
    "Cleveland Guardians": [
        3.6666666666666665,
        5.444444444444445
    ],
    "Colorado Rockies": [
        4.7,
        6.0
    ],
    "Detroit Tigers": [
        3.2,
        4.2
    ],
    "Houston Astros": [
        4.5,
        3.3
    ],
    "Kansas City Royals": [
        6.5,
        4.4
    ],
    "Los Angeles Angels": [
        4.444444444444445,
        3.7777777777777777
    ],
    "Los Angeles Dodgers": [
        4.9,
        4.5
    ],
    "Miami Marlins": [
        4.6,
        6.1
    ],
    "Milwaukee Brewers": [
        6.3,
        3.8
    ],
    "Minnesota Twins": [
        5.1,
        3.8
    ],
    "New York Mets": [
        3.5,
        4.1
    ],
    "New York Yankees": [
        5.375,
        5.125
    ],
    "Oakland Athletics": [
        2.7,
        3.4
    ],
    "Philadelphia Phillies": [
        4.5,
        5.7
    ],
    "Pittsburgh Pirates": [
        4.6,
        6.3
    ],
    "San Diego Padres": [
        6.6,
        4.1
    ],
    "San Francisco Giants": [
        5.0,
        3.7
    ],
    "Seattle Mariners": [
        4.8,
        3.0
    ],
    "St. Louis Cardinals": [
        3.8,
        5.1
    ],
    "Tampa Bay Rays": [
        3.0,
        3.5
    ],
    "Texas Rangers": [
        4.555555555555555,
        6.111111111111111
    ],
    "Toronto Blue Jays": [
        4.0,
        4.666666666666667
    ],
    "Washington Nationals": [
        4.6,
        5.2
    ]
}