{
    "Arizona Diamondbacks": [
        6.0,
        4.222222222222222
    ],
    "Atlanta Braves": [
        4.6,
        6.6
    ],
    "Baltimore Orioles": [
        5.9,
        5.2
    ],
    "Boston Red Sox": [
        5.777777777777778,
        5.333333333333333
    ],
    "Chicago Cubs": [
        5.9,
        3.3
    ],
    "Chicago White Sox": [
        3.2,
        6.2
    ],
    "Cincinnati Reds": [
        4.7,
        5.2
    ],
    "Cleveland Guardians": [
        4.0,
        5.555555555555555
    ],
    "Colorado Rockies": [
        4.0,
        5.3
    ],
    "Detroit Tigers": [
        2.7,
        4.3
    ],
    "Houston Astros": [
        3.7,
        3.7
    ],
    "Kansas City Royals": [
        6.5,
        4.4
    ],
    "Los Angeles Angels": [
        4.222222222222222,
        3.888888888888889
    ],
    "Los Angeles Dodgers": [
        4.8,
        4.6
    ],
    "Miami Marlins": [
        4.1,
        5.9
    ],
    "Milwaukee Brewers": [
        6.1,
        3.9
    ],
    "Minnesota Twins": [
        5.6,
        3.6
    ],
    "New York Mets": [
        3.7,
        3.7
    ],
    "New York Yankees": [
        5.0,
        5.25
    ],
    "Oakland Athletics": [
        2.4,
        3.2
    ],
    "Philadelphia Phillies": [
        4.5,
        5.1
    ],
    "Pittsburgh Pirates": [
        4.7,
        5.9
    ],
    "San Diego Padres": [
        6.6,
        3.9
    ],
    "San Francisco Giants": [
        4.7,
        3.2
    ],
    "Seattle Mariners": [
        4.6,
        3.5
    ],
    "St. Louis Cardinals": [
        3.8,
        5.1
    ],
    "Tampa Bay Rays": [
        3.7,
        3.7
    ],
    "Texas Rangers": [
        3.888888888888889,
        6.333333333333333
    ],
    "Toronto Blue Jays": [
        4.0,
        4.888888888888889
    ],
    "Washington Nationals": [
        4.6,
        5.1
    ]
}