{
    "Arizona Diamondbacks": [
        5.875,
        5.75
    ],
    "Atlanta Braves": [
        4.5,
        2.875
    ],
    "Baltimore Orioles": [
        5.625,
        6.375
    ],
    "Boston Red Sox": [
        3.111111111111111,
        6.111111111111111
    ],
    "Chicago Cubs": [
        4.666666666666667,
        7.111111111111111
    ],
    "Chicago White Sox": [
        4.6,
        6.6
    ],
    "Cincinnati Reds": [
        4.3,
        5.1
    ],
    "Cleveland Guardians": [
        3.9,
        6.0
    ],
    "Colorado Rockies": [
        3.8,
        4.1
    ],
    "Detroit Tigers": [
        4.222222222222222,
        4.777777777777778
    ],
    "Houston Astros": [
        6.1,
        4.1
    ],
    "Kansas City Royals": [
        7.1,
        5.0
    ],
    "Los Angeles Angels": [
        3.3333333333333335,
        3.7777777777777777
    ],
    "Los Angeles Dodgers": [
        5.7,
        3.6
    ],
    "Miami Marlins": [
        4.444444444444445,
        5.888888888888889
    ],
    "Milwaukee Brewers": [
        6.0,
        6.1
    ],
    "Minnesota Twins": [
        4.1,
        3.2
    ],
    "New York Mets": [
        4.75,
        3.125
    ],
    "New York Yankees": [
        5.142857142857143,
        5.142857142857143
    ],
    "Oakland Athletics": [
        5.1,
        5.2
    ],
    "Philadelphia Phillies": [
        5.8,
        5.1
    ],
    "Pittsburgh Pirates": [
        3.7,
        3.9
    ],
    "San Diego Padres": [
        5.5,
        4.375
    ],
    "San Francisco Giants": [
        4.333333333333333,
        2.5555555555555554
    ],
    "Seattle Mariners": [
        7.0,
        4.777777777777778
    ],
    "St. Louis Cardinals": [
        5.125,
        3.875
    ],
    "Tampa Bay Rays": [
        5.875,
        4.375
    ],
    "Texas Rangers": [
        4.222222222222222,
        4.777777777777778
    ],
    "Toronto Blue Jays": [
        4.5,
        4.4
    ],
    "Washington Nationals": [
        2.875,
        6.5
    ]
}