{
    "Arizona Diamondbacks": [
        6.2,
        4.5
    ],
    "Atlanta Braves": [
        4.5,
        3.1
    ],
    "Baltimore Orioles": [
        3.0,
        6.7
    ],
    "Boston Red Sox": [
        4.888888888888889,
        4.555555555555555
    ],
    "Chicago Cubs": [
        5.1,
        3.0
    ],
    "Chicago White Sox": [
        3.111111111111111,
        4.888888888888889
    ],
    "Cincinnati Reds": [
        5.8,
        4.1
    ],
    "Cleveland Guardians": [
        3.0,
        4.2
    ],
    "Colorado Rockies": [
        3.8,
        6.3
    ],
    "Detroit Tigers": [
        5.7,
        3.8
    ],
    "Houston Astros": [
        5.1,
        4.3
    ],
    "Kansas City Royals": [
        5.0,
        4.222222222222222
    ],
    "Los Angeles Angels": [
        3.4,
        4.5
    ],
    "Los Angeles Dodgers": [
        3.9,
        6.3
    ],
    "Miami Marlins": [
        3.8,
        5.4
    ],
    "New York Mets": [
        5.1,
        5.0
    ],
    "New York Yankees": [
        4.5,
        3.9
    ],
    "Oakland Athletics": [
        7.2,
        5.4
    ],
    "Philadelphia Phillies": [
        4.6,
        6.1
    ],
    "Pittsburgh Pirates": [
        5.8,
        3.0
    ],
    "San Diego Padres": [
        3.6,
        5.1
    ],
    "San Francisco Giants": [
        4.1,
        3.9
    ],
    "Seattle Mariners": [
        4.6,
        2.8
    ],
    "St. Louis Cardinals": [
        5.444444444444445,
        5.666666666666667
    ],
    "Tampa Bay Rays": [
        3.2,
        4.1
    ],
    "Texas Rangers": [
        4.6,
        3.2
    ],
    "Toronto Blue Jays": [
        4.666666666666667,
        5.222222222222222
    ],
    "Washington Nationals": [
        4.4,
        6.3
    ]
}