{
    "Arizona Diamondbacks": [
        3.2,
        3.4
    ],
    "Atlanta Braves": [
        3.8,
        4.0
    ],
    "Baltimore Orioles": [
        5.1,
        4.0
    ],
    "Boston Red Sox": [
        3.7,
        4.6
    ],
    "Chicago Cubs": [
        3.5555555555555554,
        5.555555555555555
    ],
    "Chicago White Sox": [
        2.8,
        5.6
    ],
    "Cincinnati Reds": [
        3.4,
        3.7
    ],
    "Cleveland Guardians": [
        6.3,
        4.5
    ],
    "Colorado Rockies": [
        5.2,
        5.7
    ],
    "Detroit Tigers": [
        4.888888888888889,
        5.666666666666667
    ],
    "Houston Astros": [
        3.5,
        3.3
    ],
    "Kansas City Royals": [
        6.1,
        3.6
    ],
    "Los Angeles Angels": [
        3.9,
        4.7
    ],
    "Los Angeles Dodgers": [
        3.888888888888889,
        4.222222222222222
    ],
    "Miami Marlins": [
        3.0,
        2.7
    ],
    "Milwaukee Brewers": [
        4.7,
        3.3
    ],
    "Minnesota Twins": [
        4.4,
        4.4
    ],
    "New York Mets": [
        3.3333333333333335,
        5.666666666666667
    ],
    "New York Yankees": [
        4.6,
        2.8
    ],
    "Oakland Athletics": [
        4.1,
        4.7
    ],
    "Philadelphia Phillies": [
        5.4,
        3.5
    ],
    "Pittsburgh Pirates": [
        5.222222222222222,
        5.333333333333333
    ],
    "San Diego Padres": [
        2.6,
        3.6
    ],
    "San Francisco Giants": [
        5.4,
        4.2
    ],
    "Seattle Mariners": [
        2.9,
        3.8
    ],
    "St. Louis Cardinals": [
        4.555555555555555,
        3.888888888888889
    ],
    "Tampa Bay Rays": [
        2.8,
        5.0
    ],
    "Texas Rangers": [
        3.3,
        4.0
    ],
    "Toronto Blue Jays": [
        5.6,
        3.7
    ],
    "Washington Nationals": [
        4.6,
        3.6
    ]
}