{
    "Arizona Diamondbacks": [
        6.4,
        4.3
    ],
    "Atlanta Braves": [
        4.4,
        2.9
    ],
    "Baltimore Orioles": [
        2.9,
        5.7
    ],
    "Boston Red Sox": [
        5.222222222222222,
        4.888888888888889
    ],
    "Chicago Cubs": [
        5.3,
        2.4
    ],
    "Chicago White Sox": [
        3.7777777777777777,
        4.333333333333333
    ],
    "Cincinnati Reds": [
        5.7,
        3.8
    ],
    "Cleveland Guardians": [
        3.6,
        5.0
    ],
    "Colorado Rockies": [
        3.1,
        5.7
    ],
    "Detroit Tigers": [
        5.4,
        4.0
    ],
    "Houston Astros": [
        6.3,
        4.6
    ],
    "Kansas City Royals": [
        5.111111111111111,
        3.888888888888889
    ],
    "Los Angeles Angels": [
        2.9,
        5.2
    ],
    "Los Angeles Dodgers": [
        3.7,
        6.5
    ],
    "Miami Marlins": [
        3.4,
        5.7
    ],
    "Milwaukee Brewers": [
        4.0,
        4.0
    ],
    "Minnesota Twins": [
        5.666666666666667,
        5.333333333333333
    ],
    "New York Mets": [
        4.4,
        4.7
    ],
    "New York Yankees": [
        4.0,
        4.0
    ],
    "Oakland Athletics": [
        6.1,
        4.5
    ],
    "Philadelphia Phillies": [
        4.3,
        4.5
    ],
    "Pittsburgh Pirates": [
        5.0,
        3.1
    ],
    "San Diego Padres": [
        3.0,
        5.6
    ],
    "San Francisco Giants": [
        4.2,
        3.9
    ],
    "Seattle Mariners": [
        4.4,
        2.9
    ],
    "St. Louis Cardinals": [
        4.888888888888889,
        5.444444444444445
    ],
    "Tampa Bay Rays": [
        3.5,
        4.2
    ],
    "Texas Rangers": [
        5.1,
        3.5
    ],
    "Toronto Blue Jays": [
        4.222222222222222,
        4.666666666666667
    ],
    "Washington Nationals": [
        4.3,
        5.4
    ]
}