{
    "Colorado Rockies": [
        3.8,
        6.3
    ],
    "Houston Astros": [
        6.9,
        3.8
    ],
    "Milwaukee Brewers": [
        5.0,
        4.1
    ],
    "New York Mets": [
        6.6,
        5.2
    ],
    "Toronto Blue Jays": [
        5.333333333333333,
        6.555555555555555
    ],
    "Washington Nationals": [
        4.9,
        5.2
    ]
}