{
    "Arizona Diamondbacks": [
        4.7,
        3.3
    ],
    "Atlanta Braves": [
        3.6666666666666665,
        3.888888888888889
    ],
    "Boston Red Sox": [
        5.0,
        4.888888888888889
    ],
    "Chicago Cubs": [
        4.5,
        3.1
    ],
    "Chicago White Sox": [
        2.3333333333333335,
        5.333333333333333
    ],
    "Cincinnati Reds": [
        6.1,
        4.4
    ],
    "Cleveland Guardians": [
        2.6,
        3.9
    ],
    "Colorado Rockies": [
        4.3,
        5.9
    ],
    "Detroit Tigers": [
        5.8,
        4.2
    ],
    "Houston Astros": [
        4.1,
        2.7
    ],
    "Kansas City Royals": [
        5.666666666666667,
        2.6666666666666665
    ],
    "Los Angeles Angels": [
        3.9,
        6.1
    ],
    "Los Angeles Dodgers": [
        4.3,
        5.9
    ],
    "Miami Marlins": [
        3.7,
        4.9
    ],
    "Milwaukee Brewers": [
        5.5,
        4.5
    ],
    "Minnesota Twins": [
        3.6666666666666665,
        4.555555555555555
    ],
    "New York Mets": [
        4.8,
        4.2
    ],
    "New York Yankees": [
        3.5,
        3.8
    ],
    "Oakland Athletics": [
        7.2,
        5.6
    ],
    "Philadelphia Phillies": [
        4.9,
        5.2
    ],
    "Pittsburgh Pirates": [
        5.2,
        3.4
    ],
    "San Francisco Giants": [
        3.8,
        4.3
    ],
    "Seattle Mariners": [
        4.1,
        3.0
    ],
    "St. Louis Cardinals": [
        5.111111111111111,
        4.888888888888889
    ],
    "Tampa Bay Rays": [
        3.5,
        3.7
    ],
    "Texas Rangers": [
        4.6,
        4.5
    ]
}