{
    "Arizona Diamondbacks": [
        6.4,
        4.0
    ],
    "Atlanta Braves": [
        4.1,
        3.2
    ],
    "Baltimore Orioles": [
        2.8,
        6.3
    ],
    "Boston Red Sox": [
        5.0,
        4.666666666666667
    ],
    "Chicago Cubs": [
        5.3,
        2.9
    ],
    "Chicago White Sox": [
        3.111111111111111,
        4.777777777777778
    ],
    "Cincinnati Reds": [
        6.4,
        4.2
    ],
    "Cleveland Guardians": [
        3.8,
        4.4
    ],
    "Colorado Rockies": [
        3.4,
        6.1
    ],
    "Detroit Tigers": [
        5.6,
        4.7
    ],
    "Houston Astros": [
        5.8,
        4.1
    ],
    "Kansas City Royals": [
        5.0,
        3.888888888888889
    ],
    "Los Angeles Angels": [
        3.1,
        4.8
    ],
    "Los Angeles Dodgers": [
        4.0,
        7.1
    ],
    "Miami Marlins": [
        3.7,
        5.9
    ],
    "Milwaukee Brewers": [
        4.1,
        4.3
    ],
    "Minnesota Twins": [
        5.888888888888889,
        4.555555555555555
    ],
    "New York Mets": [
        4.6,
        4.3
    ],
    "New York Yankees": [
        4.2,
        3.6
    ],
    "Oakland Athletics": [
        5.9,
        5.1
    ],
    "Philadelphia Phillies": [
        4.8,
        4.6
    ],
    "Pittsburgh Pirates": [
        5.1,
        2.9
    ],
    "San Diego Padres": [
        3.3,
        5.2
    ],
    "San Francisco Giants": [
        3.9,
        4.0
    ],
    "Seattle Mariners": [
        4.5,
        2.9
    ],
    "St. Louis Cardinals": [
        5.888888888888889,
        5.444444444444445
    ],
    "Tampa Bay Rays": [
        3.2,
        4.5
    ],
    "Texas Rangers": [
        4.6,
        3.6
    ],
    "Toronto Blue Jays": [
        4.111111111111111,
        5.0
    ],
    "Washington Nationals": [
        4.2,
        5.4
    ]
}