{
    "Arizona Diamondbacks": [
        7.444444444444445,
        4.555555555555555
    ],
    "Atlanta Braves": [
        4.0,
        4.7
    ],
    "Baltimore Orioles": [
        6.3,
        5.4
    ],
    "Boston Red Sox": [
        7.111111111111111,
        5.777777777777778
    ],
    "Chicago Cubs": [
        5.3,
        3.9
    ],
    "Chicago White Sox": [
        3.3,
        6.6
    ],
    "Cincinnati Reds": [
        4.8,
        4.5
    ],
    "Cleveland Guardians": [
        5.777777777777778,
        5.111111111111111
    ],
    "Colorado Rockies": [
        3.6,
        4.8
    ],
    "Detroit Tigers": [
        3.2,
        4.8
    ],
    "Houston Astros": [
        2.9,
        4.0
    ],
    "Kansas City Royals": [
        6.4,
        4.1
    ],
    "Los Angeles Angels": [
        4.666666666666667,
        4.222222222222222
    ],
    "Los Angeles Dodgers": [
        4.7,
        4.9
    ],
    "Miami Marlins": [
        3.8,
        5.1
    ],
    "Milwaukee Brewers": [
        5.3,
        4.1
    ],
    "Minnesota Twins": [
        5.2,
        4.6
    ],
    "New York Mets": [
        4.7,
        3.7
    ],
    "New York Yankees": [
        6.555555555555555,
        4.555555555555555
    ],
    "Oakland Athletics": [
        3.1,
        3.8
    ],
    "Philadelphia Phillies": [
        4.9,
        5.8
    ],
    "Pittsburgh Pirates": [
        5.1,
        5.6
    ],
    "San Diego Padres": [
        6.5,
        3.9
    ],
    "San Francisco Giants": [
        4.4,
        3.3
    ],
    "Seattle Mariners": [
        5.1,
        5.2
    ],
    "St. Louis Cardinals": [
        4.4,
        4.0
    ],
    "Tampa Bay Rays": [
        3.3,
        2.6
    ],
    "Texas Rangers": [
        3.6,
        6.3
    ],
    "Toronto Blue Jays": [
        4.555555555555555,
        6.333333333333333
    ],
    "Washington Nationals": [
        4.4,
        6.6
    ]
}