{
    "Arizona Diamondbacks": [
        4.5,
        5.1
    ],
    "Atlanta Braves": [
        4.1,
        4.5
    ],
    "Baltimore Orioles": [
        5.8,
        2.9
    ],
    "Boston Red Sox": [
        4.3,
        4.8
    ],
    "Chicago Cubs": [
        4.7,
        5.5
    ],
    "Chicago White Sox": [
        3.1,
        6.0
    ],
    "Cincinnati Reds": [
        5.5,
        3.8
    ],
    "Cleveland Guardians": [
        5.777777777777778,
        4.666666666666667
    ],
    "Colorado Rockies": [
        4.3,
        6.3
    ],
    "Kansas City Royals": [
        4.444444444444445,
        5.666666666666667
    ],
    "Los Angeles Dodgers": [
        3.7777777777777777,
        2.7777777777777777
    ],
    "Minnesota Twins": [
        3.8,
        4.8
    ],
    "New York Yankees": [
        5.3,
        3.0
    ],
    "Oakland Athletics": [
        3.5,
        3.7
    ],
    "Pittsburgh Pirates": [
        4.555555555555555,
        4.0
    ],
    "San Diego Padres": [
        3.8,
        3.6
    ],
    "Seattle Mariners": [
        4.2,
        2.4
    ],
    "St. Louis Cardinals": [
        3.8,
        4.1
    ],
    "Toronto Blue Jays": [
        4.3,
        5.2
    ],
    "Washington Nationals": [
        3.7,
        4.4
    ]
}