{
    "Arizona Diamondbacks": [
        7.666666666666667,
        5.111111111111111
    ],
    "Atlanta Braves": [
        3.9,
        3.9
    ],
    "Baltimore Orioles": [
        6.4,
        5.7
    ],
    "Boston Red Sox": [
        6.888888888888889,
        5.777777777777778
    ],
    "Chicago Cubs": [
        5.2,
        4.0
    ],
    "Chicago White Sox": [
        3.4,
        6.9
    ],
    "Cincinnati Reds": [
        4.4,
        4.3
    ],
    "Cleveland Guardians": [
        5.555555555555555,
        5.0
    ],
    "Colorado Rockies": [
        3.4,
        4.7
    ],
    "Detroit Tigers": [
        2.9,
        5.5
    ],
    "Houston Astros": [
        3.0,
        4.2
    ],
    "Kansas City Royals": [
        5.9,
        4.4
    ],
    "Los Angeles Angels": [
        4.111111111111111,
        4.333333333333333
    ],
    "Los Angeles Dodgers": [
        4.3,
        4.5
    ],
    "Miami Marlins": [
        3.9,
        5.0
    ],
    "Milwaukee Brewers": [
        4.7,
        4.2
    ],
    "Minnesota Twins": [
        5.2,
        4.5
    ],
    "New York Mets": [
        4.2,
        3.8
    ],
    "New York Yankees": [
        7.777777777777778,
        5.333333333333333
    ],
    "Oakland Athletics": [
        3.3,
        4.0
    ],
    "Philadelphia Phillies": [
        4.8,
        5.4
    ],
    "Pittsburgh Pirates": [
        4.6,
        5.1
    ],
    "San Diego Padres": [
        5.9,
        3.1
    ],
    "San Francisco Giants": [
        4.1,
        3.0
    ],
    "Seattle Mariners": [
        5.9,
        4.6
    ],
    "St. Louis Cardinals": [
        4.3,
        4.1
    ],
    "Tampa Bay Rays": [
        4.4,
        2.1
    ],
    "Texas Rangers": [
        3.5,
        6.4
    ],
    "Toronto Blue Jays": [
        5.0,
        5.888888888888889
    ],
    "Washington Nationals": [
        5.4,
        6.2
    ]
}