{
    "Arizona Diamondbacks": [
        4.7,
        3.8
    ],
    "Atlanta Braves": [
        3.111111111111111,
        4.111111111111111
    ],
    "Baltimore Orioles": [
        3.5,
        4.7
    ],
    "Boston Red Sox": [
        4.555555555555555,
        4.888888888888889
    ],
    "Chicago Cubs": [
        3.9,
        3.0
    ],
    "Chicago White Sox": [
        2.0,
        4.888888888888889
    ],
    "Cincinnati Reds": [
        5.9,
        4.5
    ],
    "Cleveland Guardians": [
        2.8,
        4.6
    ],
    "Colorado Rockies": [
        5.2,
        6.1
    ],
    "Detroit Tigers": [
        6.5,
        4.4
    ],
    "Houston Astros": [
        3.9,
        2.8
    ],
    "Kansas City Royals": [
        5.666666666666667,
        3.0
    ],
    "Los Angeles Angels": [
        3.8,
        5.3
    ],
    "Los Angeles Dodgers": [
        4.4,
        5.2
    ],
    "Miami Marlins": [
        3.4,
        5.1
    ],
    "Milwaukee Brewers": [
        5.3,
        4.3
    ],
    "Minnesota Twins": [
        4.111111111111111,
        4.555555555555555
    ],
    "New York Mets": [
        5.2,
        3.8
    ],
    "New York Yankees": [
        4.4,
        3.6
    ],
    "Oakland Athletics": [
        7.3,
        5.0
    ],
    "Philadelphia Phillies": [
        5.1,
        5.3
    ],
    "Pittsburgh Pirates": [
        4.6,
        3.3
    ],
    "San Diego Padres": [
        2.6,
        4.6
    ],
    "San Francisco Giants": [
        3.6,
        4.1
    ],
    "Seattle Mariners": [
        3.8,
        2.8
    ],
    "St. Louis Cardinals": [
        4.777777777777778,
        4.444444444444445
    ],
    "Tampa Bay Rays": [
        3.4,
        3.3
    ],
    "Texas Rangers": [
        3.7,
        4.6
    ],
    "Toronto Blue Jays": [
        4.777777777777778,
        5.888888888888889
    ],
    "Washington Nationals": [
        3.9,
        5.3
    ]
}