{
    "Arizona Diamondbacks": [
        6.444444444444445,
        3.6666666666666665
    ],
    "Atlanta Braves": [
        4.4,
        7.1
    ],
    "Baltimore Orioles": [
        5.0,
        4.9
    ],
    "Boston Red Sox": [
        5.555555555555555,
        5.666666666666667
    ],
    "Chicago Cubs": [
        5.0,
        3.6
    ],
    "Chicago White Sox": [
        3.9,
        5.4
    ],
    "Cincinnati Reds": [
        5.1,
        3.7
    ],
    "Cleveland Guardians": [
        3.888888888888889,
        4.666666666666667
    ],
    "Colorado Rockies": [
        4.4,
        6.3
    ],
    "Detroit Tigers": [
        4.6,
        3.6
    ],
    "Houston Astros": [
        4.6,
        3.0
    ],
    "Kansas City Royals": [
        5.4,
        6.1
    ],
    "Los Angeles Angels": [
        4.111111111111111,
        3.888888888888889
    ],
    "Los Angeles Dodgers": [
        5.5,
        3.5
    ],
    "Miami Marlins": [
        4.8,
        5.6
    ],
    "Milwaukee Brewers": [
        5.7,
        4.1
    ],
    "Minnesota Twins": [
        5.6,
        4.0
    ],
    "New York Mets": [
        3.4,
        4.9
    ],
    "New York Yankees": [
        4.625,
        6.0
    ],
    "Oakland Athletics": [
        3.6,
        3.7
    ],
    "Philadelphia Phillies": [
        4.3,
        5.2
    ],
    "Pittsburgh Pirates": [
        3.5,
        5.4
    ],
    "San Diego Padres": [
        6.1,
        3.6
    ],
    "San Francisco Giants": [
        4.6,
        3.6
    ],
    "Seattle Mariners": [
        4.7,
        4.2
    ],
    "St. Louis Cardinals": [
        3.3,
        5.0
    ],
    "Tampa Bay Rays": [
        2.9,
        3.5
    ],
    "Texas Rangers": [
        4.0,
        6.0
    ],
    "Toronto Blue Jays": [
        3.888888888888889,
        3.5555555555555554
    ],
    "Washington Nationals": [
        5.2,
        4.7
    ]
}