{
    "Arizona Diamondbacks": [
        6.4,
        4.1
    ],
    "Atlanta Braves": [
        4.0,
        3.0
    ],
    "Baltimore Orioles": [
        3.8,
        5.8
    ],
    "Boston Red Sox": [
        5.555555555555555,
        5.333333333333333
    ],
    "Chicago Cubs": [
        4.4,
        3.7
    ],
    "Chicago White Sox": [
        5.444444444444445,
        5.111111111111111
    ],
    "Cincinnati Reds": [
        5.1,
        3.7
    ],
    "Cleveland Guardians": [
        4.7,
        4.7
    ],
    "Colorado Rockies": [
        3.4,
        5.2
    ],
    "Detroit Tigers": [
        5.1,
        4.8
    ],
    "Houston Astros": [
        6.4,
        5.1
    ],
    "Kansas City Royals": [
        4.888888888888889,
        4.111111111111111
    ],
    "Los Angeles Angels": [
        3.3,
        5.3
    ],
    "Los Angeles Dodgers": [
        5.0,
        7.5
    ],
    "Miami Marlins": [
        3.5,
        4.6
    ],
    "Milwaukee Brewers": [
        4.6,
        4.8
    ],
    "Minnesota Twins": [
        6.777777777777778,
        4.777777777777778
    ],
    "New York Mets": [
        4.5,
        5.8
    ],
    "New York Yankees": [
        5.7,
        4.8
    ],
    "Oakland Athletics": [
        6.0,
        4.6
    ],
    "Philadelphia Phillies": [
        4.3,
        4.4
    ],
    "Pittsburgh Pirates": [
        5.4,
        3.2
    ],
    "San Diego Padres": [
        4.9,
        5.1
    ],
    "San Francisco Giants": [
        4.8,
        4.4
    ],
    "Seattle Mariners": [
        3.3,
        3.5
    ],
    "St. Louis Cardinals": [
        5.222222222222222,
        4.777777777777778
    ],
    "Tampa Bay Rays": [
        3.6,
        4.5
    ],
    "Texas Rangers": [
        6.2,
        3.0
    ],
    "Toronto Blue Jays": [
        3.111111111111111,
        5.0
    ],
    "Washington Nationals": [
        4.5,
        6.0
    ]
}