{
    "Arizona Diamondbacks": [
        5.333333333333333,
        4.555555555555555
    ],
    "Atlanta Braves": [
        4.0,
        5.9
    ],
    "Baltimore Orioles": [
        5.8,
        4.9
    ],
    "Boston Red Sox": [
        6.0,
        5.888888888888889
    ],
    "Chicago Cubs": [
        5.9,
        3.8
    ],
    "Chicago White Sox": [
        3.6,
        6.7
    ],
    "Cincinnati Reds": [
        5.3,
        5.4
    ],
    "Cleveland Guardians": [
        4.888888888888889,
        5.777777777777778
    ],
    "Colorado Rockies": [
        3.9,
        5.2
    ],
    "Detroit Tigers": [
        3.0,
        4.8
    ],
    "Houston Astros": [
        3.5,
        3.8
    ],
    "Kansas City Royals": [
        6.1,
        4.4
    ],
    "Los Angeles Angels": [
        3.888888888888889,
        3.5555555555555554
    ],
    "Los Angeles Dodgers": [
        5.0,
        4.7
    ],
    "Miami Marlins": [
        3.9,
        5.2
    ],
    "Milwaukee Brewers": [
        6.8,
        4.2
    ],
    "Minnesota Twins": [
        5.5,
        3.6
    ],
    "New York Mets": [
        3.9,
        3.3
    ],
    "New York Yankees": [
        5.125,
        5.5
    ],
    "Oakland Athletics": [
        2.9,
        4.0
    ],
    "Philadelphia Phillies": [
        5.0,
        4.7
    ],
    "Pittsburgh Pirates": [
        5.1,
        5.8
    ],
    "San Diego Padres": [
        6.3,
        3.9
    ],
    "San Francisco Giants": [
        4.6,
        3.6
    ],
    "Seattle Mariners": [
        4.9,
        4.9
    ],
    "St. Louis Cardinals": [
        4.5,
        4.4
    ],
    "Tampa Bay Rays": [
        3.4,
        3.1
    ],
    "Texas Rangers": [
        3.6666666666666665,
        6.222222222222222
    ],
    "Toronto Blue Jays": [
        4.222222222222222,
        5.444444444444445
    ],
    "Washington Nationals": [
        4.1,
        6.4
    ]
}