{
    "Arizona Diamondbacks": [
        6.666666666666667,
        3.888888888888889
    ],
    "Atlanta Braves": [
        4.5,
        7.1
    ],
    "Baltimore Orioles": [
        5.0,
        5.0
    ],
    "Boston Red Sox": [
        5.0,
        6.0
    ],
    "Chicago Cubs": [
        5.4,
        3.8
    ],
    "Chicago White Sox": [
        4.1,
        6.0
    ],
    "Cincinnati Reds": [
        5.3,
        4.0
    ],
    "Cleveland Guardians": [
        4.222222222222222,
        5.555555555555555
    ],
    "Colorado Rockies": [
        4.6,
        6.1
    ],
    "Detroit Tigers": [
        3.2,
        4.2
    ],
    "Houston Astros": [
        4.6,
        3.0
    ],
    "Kansas City Royals": [
        5.8,
        4.9
    ],
    "Los Angeles Angels": [
        4.555555555555555,
        3.6666666666666665
    ],
    "Los Angeles Dodgers": [
        5.3,
        3.9
    ],
    "Miami Marlins": [
        4.6,
        6.1
    ],
    "Milwaukee Brewers": [
        6.3,
        3.7
    ],
    "Minnesota Twins": [
        4.9,
        3.9
    ],
    "New York Mets": [
        3.5,
        4.1
    ],
    "New York Yankees": [
        4.625,
        6.25
    ],
    "Oakland Athletics": [
        2.7,
        3.4
    ],
    "Philadelphia Phillies": [
        4.5,
        5.7
    ],
    "Pittsburgh Pirates": [
        4.3,
        6.0
    ],
    "San Diego Padres": [
        6.0,
        4.1
    ],
    "San Francisco Giants": [
        4.7,
        3.8
    ],
    "Seattle Mariners": [
        4.8,
        3.0
    ],
    "St. Louis Cardinals": [
        3.5,
        5.2
    ],
    "Tampa Bay Rays": [
        2.9,
        3.5
    ],
    "Texas Rangers": [
        4.333333333333333,
        5.444444444444445
    ],
    "Toronto Blue Jays": [
        3.5555555555555554,
        4.333333333333333
    ],
    "Washington Nationals": [
        4.6,
        5.2
    ]
}