{
    "Arizona Diamondbacks": [
        6.888888888888889,
        3.4444444444444446
    ],
    "Atlanta Braves": [
        5.4,
        6.9
    ],
    "Baltimore Orioles": [
        5.0,
        4.2
    ],
    "Boston Red Sox": [
        5.555555555555555,
        6.444444444444445
    ],
    "Chicago Cubs": [
        4.5,
        3.9
    ],
    "Chicago White Sox": [
        3.9,
        5.4
    ],
    "Cincinnati Reds": [
        5.8,
        3.1
    ],
    "Cleveland Guardians": [
        3.888888888888889,
        4.0
    ],
    "Colorado Rockies": [
        4.6,
        7.1
    ],
    "Detroit Tigers": [
        4.7,
        2.9
    ],
    "Houston Astros": [
        4.7,
        2.5
    ],
    "Kansas City Royals": [
        4.9,
        6.0
    ],
    "Los Angeles Angels": [
        4.0,
        4.666666666666667
    ],
    "Los Angeles Dodgers": [
        4.9,
        4.0
    ],
    "Miami Marlins": [
        4.9,
        6.2
    ],
    "Milwaukee Brewers": [
        5.8,
        3.9
    ],
    "Minnesota Twins": [
        4.4,
        3.7
    ],
    "New York Mets": [
        3.9,
        4.5
    ],
    "New York Yankees": [
        5.222222222222222,
        5.555555555555555
    ],
    "Oakland Athletics": [
        3.1,
        4.1
    ],
    "Philadelphia Phillies": [
        4.7,
        5.1
    ],
    "Pittsburgh Pirates": [
        3.3,
        6.0
    ],
    "San Diego Padres": [
        6.6,
        3.6
    ],
    "San Francisco Giants": [
        4.0,
        4.7
    ],
    "Seattle Mariners": [
        3.9,
        4.3
    ],
    "St. Louis Cardinals": [
        3.0,
        5.5
    ],
    "Tampa Bay Rays": [
        2.4,
        3.6
    ],
    "Texas Rangers": [
        4.777777777777778,
        6.0
    ],
    "Toronto Blue Jays": [
        4.555555555555555,
        3.3333333333333335
    ],
    "Washington Nationals": [
        4.7,
        4.7
    ]
}