{
    "Arizona Diamondbacks": [
        6.888888888888889,
        4.333333333333333
    ],
    "Atlanta Braves": [
        3.8,
        6.1
    ],
    "Baltimore Orioles": [
        5.8,
        5.6
    ],
    "Boston Red Sox": [
        7.111111111111111,
        5.777777777777778
    ],
    "Chicago Cubs": [
        5.3,
        3.9
    ],
    "Chicago White Sox": [
        3.3,
        6.6
    ],
    "Cincinnati Reds": [
        5.7,
        4.7
    ],
    "Cleveland Guardians": [
        5.777777777777778,
        5.111111111111111
    ],
    "Colorado Rockies": [
        3.7,
        5.2
    ],
    "Detroit Tigers": [
        2.8,
        5.0
    ],
    "Houston Astros": [
        2.9,
        4.0
    ],
    "Kansas City Royals": [
        6.4,
        4.1
    ],
    "Los Angeles Angels": [
        4.777777777777778,
        4.0
    ],
    "Los Angeles Dodgers": [
        4.7,
        4.9
    ],
    "Miami Marlins": [
        4.0,
        5.5
    ],
    "Milwaukee Brewers": [
        6.6,
        4.1
    ],
    "Minnesota Twins": [
        5.2,
        4.6
    ],
    "New York Mets": [
        5.4,
        2.9
    ],
    "New York Yankees": [
        6.111111111111111,
        5.333333333333333
    ],
    "Oakland Athletics": [
        3.1,
        3.8
    ],
    "Philadelphia Phillies": [
        5.2,
        5.8
    ],
    "Pittsburgh Pirates": [
        5.2,
        5.4
    ],
    "San Diego Padres": [
        6.6,
        4.1
    ],
    "San Francisco Giants": [
        4.8,
        3.8
    ],
    "Seattle Mariners": [
        4.9,
        5.2
    ],
    "St. Louis Cardinals": [
        4.5,
        4.0
    ],
    "Tampa Bay Rays": [
        3.7,
        2.7
    ],
    "Texas Rangers": [
        3.6,
        6.3
    ],
    "Toronto Blue Jays": [
        4.777777777777778,
        5.777777777777778
    ],
    "Washington Nationals": [
        4.6,
        7.1
    ]
}